group,term
niche,american college
consensus,appropriateness criteria
consensus,appropriateness method
clinical,clinical conditions
clinical,clinical practice
clinical,clinical scenario
clinical,current medical
consensus,established methodology
consensus,evidence-based guidelines
consensus,evidentiary source
consensus,expert opinion
consensus,expert panel
consensus,extensive analysis
consensus,guideline development
niche,imaging modalities
niche,imaging modality
niche,imaging plays
niche,initial imaging
consensus,literature review
consensus,medical literature
consensus,methodology principles
consensus,modified delphi
consensus,multidisciplinary expert
consensus,primary evidentiary
consensus,process support
niche,radiology appropriateness
niche,recommend imaging
consensus,recommendations assessment
consensus,reviewed annually
consensus,reviewed journals
consensus,reviewed literature
consensus,revision include
consensus,revision process
clinical,specific clinical
consensus,systematic analysis
clinical,treatment procedures
consensus,well-established methodologies
consensus,RAND UCLA
consensus,RAM
consensus,RAND/UCLA